<?xml version="1.0" encoding="UTF-8"?>
<project-private xmlns="http://www.netbeans.org/ns/project-private/1">
    <editor-bookmarks xmlns="http://www.netbeans.org/ns/editor-bookmarks/2" lastBookmarkId="0"/>
    <open-files xmlns="http://www.netbeans.org/ns/projectui-open-files/2">
        <group>
            <file>file:/C:/Users/hp/Documents/NetBeansProjects/HTML5Application2/public_html/index.html</file>
            <file>file:/C:/Users/hp/Documents/NetBeansProjects/HTML5Application2/Gruntfile.js</file>
            <file>file:/C:/Users/hp/Documents/NetBeansProjects/HTML5Application2/public_html/javascript.js.js</file>
            <file>file:/C:/Users/hp/Documents/NetBeansProjects/HTML5Application2/package.json</file>
            <file>file:/C:/Users/hp/Documents/NetBeansProjects/HTML5Application2/.bowerrc</file>
            <file>file:/C:/Users/hp/Documents/NetBeansProjects/HTML5Application2/public_html/index_1.html</file>
            <file>file:/C:/Users/hp/Documents/NetBeansProjects/HTML5Application2/bower.json</file>
            <file>file:/C:/Users/hp/Documents/NetBeansProjects/HTML5Application2/gulpfile.js</file>
        </group>
    </open-files>
</project-private>
